Nube_De_Puntos;Formato;Area;Fecha;Fuente;Tipo_Objeto;No_Objetos;Lugar;Iluminacion;Obj_Similares;No_Similares;Oclusion;Mov_X;Mov_Y;Mov_Z;Grados;No_Capas;Obj_Add;Ambiente
2Body_Front_1;PNG;300x300;21/02/2023;Lidar;Persona;2;Interior;Natural;Y;1;0;N;N;N;1;60;N;Controlado
2Body_Front_2;PNG;300x300;21/02/2023;Lidar;Persona;2;Interior;Natural;Y;1;0;N;N;N;1;60;N;Controlado
2Body_Front_3;PNG;300x300;21/02/2023;Lidar;Persona;2;Interior;Natural;Y;1;0;N;N;N;1;60;N;Controlado
2Body_Front_4;PNG;300x300;21/02/2023;Lidar;Persona;2;Interior;Natural;Y;1;0;N;N;N;1;60;N;Controlado
2Body_Front_5;PNG;300x300;21/02/2023;Lidar;Persona;2;Interior;Natural;Y;1;0;N;N;N;1;60;N;Controlado
2Body_Front_6;PNG;300x300;21/02/2023;Lidar;Persona;2;Interior;Natural;Y;1;0;N;N;N;1;60;N;Controlado
2Body_Front_7;PNG;300x300;21/02/2023;Lidar;Persona;2;Interior;Natural;Y;1;0;N;N;N;1;60;N;Controlado
2Body_InFront_1;PNG;300x300;21/02/2023;Lidar;Persona;2;Interior;Natural;Y;1;0;N;N;N;1;60;N;Controlado
2Body_InFront_2;PNG;300x300;21/02/2023;Lidar;Persona;2;Interior;Natural;Y;1;0;N;N;N;1;60;N;Controlado
2Body_InFront_3;PNG;300x300;21/02/2023;Lidar;Persona;2;Interior;Natural;Y;1;0;N;N;N;1;60;N;Controlado
2Body_InFront_4;PNG;300x300;21/02/2023;Lidar;Persona;2;Interior;Natural;Y;1;0;N;N;N;1;60;N;Controlado
2Body_InFront_5;PNG;300x300;21/02/2023;Lidar;Persona;2;Interior;Natural;Y;1;0;N;N;N;1;60;N;Controlado
2Body_InFront_6;PNG;300x300;21/02/2023;Lidar;Persona;2;Interior;Natural;Y;1;0;N;N;N;1;60;N;Controlado
2Body_Middle45_1;PNG;300x300;21/02/2023;Lidar;Persona;2;Interior;Natural;Y;1;0;N;N;N;1;60;N;Controlado
2Body_Middle45_2;PNG;300x300;21/02/2023;Lidar;Persona;2;Interior;Natural;Y;1;0;N;N;N;1;60;N;Controlado
2Body_Middle45_3;PNG;300x300;21/02/2023;Lidar;Persona;2;Interior;Natural;Y;1;0;N;N;N;1;60;N;Controlado
2Body_Middle45_4;PNG;300x300;21/02/2023;Lidar;Persona;2;Interior;Natural;Y;1;0;N;N;N;1;60;N;Controlado
2Body_Middle45_5;PNG;300x300;21/02/2023;Lidar;Persona;2;Interior;Natural;Y;1;0;N;N;N;1;60;N;Controlado
2Body_Middle45_6;PNG;300x300;21/02/2023;Lidar;Persona;2;Interior;Natural;Y;1;0;N;N;N;1;60;N;Controlado
2Body_Middle90_1;PNG;300x300;21/02/2023;Lidar;Persona;2;Interior;Natural;Y;1;0;N;N;N;1;60;N;Controlado
2Body_Middle90_2;PNG;300x300;21/02/2023;Lidar;Persona;2;Interior;Natural;Y;1;0;N;N;N;1;60;N;Controlado
2Body_Middle90_3;PNG;300x300;21/02/2023;Lidar;Persona;2;Interior;Natural;Y;1;0;N;N;N;1;60;N;Controlado
2Body_Middle90_4;PNG;300x300;21/02/2023;Lidar;Persona;2;Interior;Natural;Y;1;0;N;N;N;1;60;N;Controlado
2Body_Middle90_5;PNG;300x300;21/02/2023;Lidar;Persona;2;Interior;Natural;Y;1;0;N;N;N;1;60;N;Controlado
2Body_Middle90_6;PNG;300x300;21/02/2023;Lidar;Persona;2;Interior;Natural;Y;1;0;N;N;N;1;60;N;Controlado
2Body_Middle270_1;PNG;300x300;21/02/2023;Lidar;Persona;2;Interior;Natural;Y;1;0;N;N;N;1;60;N;Controlado
2Body_Middle270_2;PNG;300x300;21/02/2023;Lidar;Persona;2;Interior;Natural;Y;1;0;N;N;N;1;60;N;Controlado
2Body_Middle270_3;PNG;300x300;21/02/2023;Lidar;Persona;2;Interior;Natural;Y;1;0;N;N;N;1;60;N;Controlado
2Body_Middle270_4;PNG;300x300;21/02/2023;Lidar;Persona;2;Interior;Natural;Y;1;0;N;N;N;1;60;N;Controlado
2Body_Middle270_5;PNG;300x300;21/02/2023;Lidar;Persona;2;Interior;Natural;Y;1;0;N;N;N;1;60;N;Controlado
2Body_Middle270_6;PNG;300x300;21/02/2023;Lidar;Persona;2;Interior;Natural;Y;1;0;N;N;N;1;60;N;Controlado
2Body_Middle315_1;PNG;300x300;21/02/2023;Lidar;Persona;2;Interior;Natural;Y;1;0;N;N;N;1;60;N;Controlado
2Body_Middle315_2;PNG;300x300;21/02/2023;Lidar;Persona;2;Interior;Natural;Y;1;0;N;N;N;1;60;N;Controlado
2Body_Middle315_3;PNG;300x300;21/02/2023;Lidar;Persona;2;Interior;Natural;Y;1;0;N;N;N;1;60;N;Controlado
2Body_Middle315_4;PNG;300x300;21/02/2023;Lidar;Persona;2;Interior;Natural;Y;1;0;N;N;N;1;60;N;Controlado
2Body_Middle315_5;PNG;300x300;21/02/2023;Lidar;Persona;2;Interior;Natural;Y;1;0;N;N;N;1;60;N;Controlado
2Body_Middle315_6;PNG;300x300;21/02/2023;Lidar;Persona;2;Interior;Natural;Y;1;0;N;N;N;1;60;N;Controlado
2Men_halt_1;PNG;300x301;17/03/2023;Lidar;Persona;2;Exterior;Natural;Y;1;1;N;N;N;1;60;N;Semi-Controlado
2Men_halt_2;PNG;300x302;18/03/2023;Lidar;Persona;2;Exterior;Natural;Y;1;1;N;N;N;1;60;N;Semi-Controlado
Body_Front1;PNG;300x303;21/02/2023;Lidar;Persona;1;Interior;Natural;N;0;0;N;N;N;1;60;N;Controlado
Body_Front2;PNG;300x300;21/02/2023;Lidar;Persona;1;Interior;Natural;N;0;0;N;N;N;1;60;N;Controlado
Body_Front3;PNG;300x300;21/02/2023;Lidar;Persona;1;Interior;Natural;N;0;0;N;N;N;1;60;N;Controlado
Body_Front4;PNG;300x300;21/02/2023;Lidar;Persona;1;Interior;Natural;N;0;0;N;N;N;1;60;N;Controlado
Body_Front5;PNG;300x300;21/02/2023;Lidar;Persona;1;Interior;Natural;N;0;0;N;N;N;1;60;N;Controlado
Body_Front6;PNG;300x300;21/02/2023;Lidar;Persona;1;Interior;Natural;N;0;0;N;N;N;1;60;N;Controlado
Body_Middle1;PNG;300x300;21/02/2023;Lidar;Persona;1;Interior;Natural;N;0;0;N;N;N;1;60;N;Controlado
Body_Middle2;PNG;300x300;21/02/2023;Lidar;Persona;1;Interior;Natural;N;0;0;N;N;N;1;60;N;Controlado
Body_Middle3;PNG;300x300;21/02/2023;Lidar;Persona;1;Interior;Natural;N;0;0;N;N;N;1;60;N;Controlado
Body_Middle4;PNG;300x300;21/02/2023;Lidar;Persona;1;Interior;Natural;N;0;0;N;N;N;1;60;N;Controlado
Body_Middle5;PNG;300x300;21/02/2023;Lidar;Persona;1;Interior;Natural;N;0;0;N;N;N;1;60;N;Controlado
Body_Middle6;PNG;300x300;21/02/2023;Lidar;Persona;1;Interior;Natural;N;0;0;N;N;N;1;60;N;Controlado
Body2_Front_1;PNG;300x300;21/02/2023;Lidar;Persona;1;Interior;Natural;N;0;0;N;N;N;1;60;N;Controlado
Body2_Front_2;PNG;300x300;21/02/2023;Lidar;Persona;1;Interior;Natural;N;0;0;N;N;N;1;60;N;Controlado
Body2_Front_3;PNG;300x300;21/02/2023;Lidar;Persona;1;Interior;Natural;N;0;0;N;N;N;1;60;N;Controlado
Body2_Front_4;PNG;300x300;21/02/2023;Lidar;Persona;1;Interior;Natural;N;0;0;N;N;N;1;60;N;Controlado
Body2_Front_5;PNG;300x300;21/02/2023;Lidar;Persona;1;Interior;Natural;N;0;0;N;N;N;1;60;N;Controlado
Body2_Front_6;PNG;300x300;21/02/2023;Lidar;Persona;1;Interior;Natural;N;0;0;N;N;N;1;60;N;Controlado
Body2_Front_7;PNG;300x300;21/02/2023;Lidar;Persona;1;Interior;Natural;N;0;0;N;N;N;1;60;N;Controlado
Body2_Middle_1;PNG;300x300;21/02/2023;Lidar;Persona;1;Interior;Natural;N;0;0;N;N;N;1;60;N;Controlado
Body2_Middle_2;PNG;300x300;21/02/2023;Lidar;Persona;1;Interior;Natural;N;0;0;N;N;N;1;60;N;Controlado
Body2_Middle_3;PNG;300x300;21/02/2023;Lidar;Persona;1;Interior;Natural;N;0;0;N;N;N;1;60;N;Controlado
Body2_Middle_4;PNG;300x300;21/02/2023;Lidar;Persona;1;Interior;Natural;N;0;0;N;N;N;1;60;N;Controlado
Body2_Middle_5;PNG;300x300;21/02/2023;Lidar;Persona;1;Interior;Natural;N;0;0;N;N;N;1;60;N;Controlado
Body2_Middle_6;PNG;300x300;21/02/2023;Lidar;Persona;1;Interior;Natural;N;0;0;N;N;N;1;60;N;Controlado
Body2_Middle45_1;PNG;300x300;21/02/2023;Lidar;Persona;1;Interior;Natural;N;0;0;N;N;N;1;60;N;Controlado
Body2_Middle45_2;PNG;300x300;21/02/2023;Lidar;Persona;1;Interior;Natural;N;0;0;N;N;N;1;60;N;Controlado
Body2_Middle45_3;PNG;300x300;21/02/2023;Lidar;Persona;1;Interior;Natural;N;0;0;N;N;N;1;60;N;Controlado
Body2_Middle45_4;PNG;300x300;21/02/2023;Lidar;Persona;1;Interior;Natural;N;0;0;N;N;N;1;60;N;Controlado
Body2_Middle45_5;PNG;300x300;21/02/2023;Lidar;Persona;1;Interior;Natural;N;0;0;N;N;N;1;60;N;Controlado
Body2_Middle45_6;PNG;300x300;21/02/2023;Lidar;Persona;1;Interior;Natural;N;0;0;N;N;N;1;60;N;Controlado
Body2_Middle315_1;PNG;300x300;21/02/2023;Lidar;Persona;1;Interior;Natural;N;0;0;N;N;N;1;60;N;Controlado
Body2_Middle315_2;PNG;300x300;21/02/2023;Lidar;Persona;1;Interior;Natural;N;0;0;N;N;N;1;60;N;Controlado
Body2_Middle315_3;PNG;300x300;21/02/2023;Lidar;Persona;1;Interior;Natural;N;0;0;N;N;N;1;60;N;Controlado
Body2_Middle315_4;PNG;300x300;21/02/2023;Lidar;Persona;1;Interior;Natural;N;0;0;N;N;N;1;60;N;Controlado
Body2_Middle315_5;PNG;300x300;21/02/2023;Lidar;Persona;1;Interior;Natural;N;0;0;N;N;N;1;60;N;Controlado
Body2_Middle315_6;PNG;300x300;21/02/2023;Lidar;Persona;1;Interior;Natural;N;0;0;N;N;N;1;60;N;Controlado
Caps_Front_1;PNG;300x300;21/02/2023;Lidar;Persona;1;Interior;Natural;N;0;0;N;N;N;1;60;Y;Controlado
Caps_Front_2;PNG;300x300;21/02/2023;Lidar;Persona;1;Interior;Natural;N;0;0;N;N;N;1;60;Y;Controlado
Caps_Front_3;PNG;300x300;21/02/2023;Lidar;Persona;1;Interior;Natural;N;0;0;N;N;N;1;60;Y;Controlado
Caps_Front_4;PNG;300x300;21/02/2023;Lidar;Persona;1;Interior;Natural;N;0;0;N;N;N;1;60;Y;Controlado
Caps_Front_5;PNG;300x300;21/02/2023;Lidar;Persona;1;Interior;Natural;N;0;0;N;N;N;1;60;Y;Controlado
Caps_Front_6;PNG;300x300;21/02/2023;Lidar;Persona;1;Interior;Natural;N;0;0;N;N;N;1;60;Y;Controlado
Caps_Middle90_1;PNG;300x300;21/02/2023;Lidar;Persona;1;Interior;Natural;N;0;0;N;N;N;1;60;Y;Controlado
Caps_Middle90_2;PNG;300x300;21/02/2023;Lidar;Persona;1;Interior;Natural;N;0;0;N;N;N;1;60;Y;Controlado
Caps_Middle90_3;PNG;300x300;21/02/2023;Lidar;Persona;1;Interior;Natural;N;0;0;N;N;N;1;60;Y;Controlado
Caps_Middle90_4;PNG;300x300;21/02/2023;Lidar;Persona;1;Interior;Natural;N;0;0;N;N;N;1;60;Y;Controlado
Caps_Middle90_5;PNG;300x300;21/02/2023;Lidar;Persona;1;Interior;Natural;N;0;0;N;N;N;1;60;Y;Controlado
Caps_Middle90_6;PNG;300x300;21/02/2023;Lidar;Persona;1;Interior;Natural;N;0;0;N;N;N;1;60;Y;Controlado
Caps_Middle270_1;PNG;300x300;21/02/2023;Lidar;Persona;1;Interior;Natural;N;0;0;N;N;N;1;60;Y;Controlado
Caps_Middle270_2;PNG;300x300;21/02/2023;Lidar;Persona;1;Interior;Natural;N;0;0;N;N;N;1;60;Y;Controlado
Caps_Middle270_3;PNG;300x300;21/02/2023;Lidar;Persona;1;Interior;Natural;N;0;0;N;N;N;1;60;Y;Controlado
Caps_Middle270_4;PNG;300x300;21/02/2023;Lidar;Persona;1;Interior;Natural;N;0;0;N;N;N;1;60;Y;Controlado
Caps_Middle270_5;PNG;300x300;21/02/2023;Lidar;Persona;1;Interior;Natural;N;0;0;N;N;N;1;60;Y;Controlado
Caps_Middle270_6;PNG;300x300;21/02/2023;Lidar;Persona;1;Interior;Natural;N;0;0;N;N;N;1;60;Y;Controlado
Cell_Front_1;PNG;300x300;21/02/2023;Lidar;Persona;1;Interior;Natural;N;0;0;N;N;N;1;60;Y;Controlado
Cell_Front_2;PNG;300x300;21/02/2023;Lidar;Persona;1;Interior;Natural;N;0;0;N;N;N;1;60;Y;Controlado
Cell_Front_3;PNG;300x300;21/02/2023;Lidar;Persona;1;Interior;Natural;N;0;0;N;N;N;1;60;Y;Controlado
Cell_Front_4;PNG;300x300;21/02/2023;Lidar;Persona;1;Interior;Natural;N;0;0;N;N;N;1;60;Y;Controlado
Cell_Front_5;PNG;300x300;21/02/2023;Lidar;Persona;1;Interior;Natural;N;0;0;N;N;N;1;60;Y;Controlado
Cell_Front_6;PNG;300x300;21/02/2023;Lidar;Persona;1;Interior;Natural;N;0;0;N;N;N;1;60;Y;Controlado
Cell_Front_7;PNG;300x300;21/02/2023;Lidar;Persona;1;Interior;Natural;N;0;0;N;N;N;1;60;Y;Controlado
Cell_Middle90_1;PNG;300x300;21/02/2023;Lidar;Persona;1;Interior;Natural;N;0;0;N;N;N;1;60;Y;Controlado
Cell_MIddle90_2;PNG;300x300;21/02/2023;Lidar;Persona;1;Interior;Natural;N;0;0;N;N;N;1;60;Y;Controlado
Cell_Middle90_3;PNG;300x300;21/02/2023;Lidar;Persona;1;Interior;Natural;N;0;0;N;N;N;1;60;Y;Controlado
Cell_Middle90_4;PNG;300x300;21/02/2023;Lidar;Persona;1;Interior;Natural;N;0;0;N;N;N;1;60;Y;Controlado
Cell_Middle90_5;PNG;300x300;21/02/2023;Lidar;Persona;1;Interior;Natural;N;0;0;N;N;N;1;60;Y;Controlado
Cell_Middle90_6;PNG;300x300;21/02/2023;Lidar;Persona;1;Interior;Natural;N;0;0;N;N;N;1;60;Y;Controlado
Cell_Middle90_7;PNG;300x300;21/02/2023;Lidar;Persona;1;Interior;Natural;N;0;0;N;N;N;1;60;Y;Controlado
Cell_Middle90_8;PNG;300x300;21/02/2023;Lidar;Persona;1;Interior;Natural;N;0;0;N;N;N;1;60;Y;Controlado
Cell_Middle270_1;PNG;300x300;21/02/2023;Lidar;Persona;1;Interior;Natural;N;0;0;N;N;N;1;60;Y;Controlado
Cell_MIddle270_2;PNG;300x300;21/02/2023;Lidar;Persona;1;Interior;Natural;N;0;0;N;N;N;1;60;Y;Controlado
Cell_Middle270_3;PNG;300x300;21/02/2023;Lidar;Persona;1;Interior;Natural;N;0;0;N;N;N;1;60;Y;Controlado
Cell_Middle270_4;PNG;300x300;21/02/2023;Lidar;Persona;1;Interior;Natural;N;0;0;N;N;N;1;60;Y;Controlado
Cell_Middle270_5;PNG;300x300;21/02/2023;Lidar;Persona;1;Interior;Natural;N;0;0;N;N;N;1;60;Y;Controlado
Cell_Middle270_6;PNG;300x300;21/02/2023;Lidar;Persona;1;Interior;Natural;N;0;0;N;N;N;1;60;Y;Controlado
Empty_1;PNG;300x300;21/02/2023;Lidar;Escena vacia;0;Interior;Natural;N;0;0;N;N;N;1;60;N;Controlado
Empty_2;PNG;300x300;21/02/2023;Lidar;Escena vacia;0;Interior;Natural;N;0;0;N;N;N;1;60;N;Controlado
Empty_3;PNG;300x300;21/02/2023;Lidar;Escena vacia;0;Interior;Natural;N;0;0;N;N;N;1;60;N;Controlado
Empty_4;PNG;300x300;21/02/2023;Lidar;Escena vacia;0;Interior;Natural;N;0;0;N;N;N;1;60;N;Controlado
Empty_5;PNG;300x300;21/02/2023;Lidar;Escena vacia;0;Interior;Natural;N;0;0;N;N;N;1;60;N;Controlado
Empty_6;PNG;300x300;21/02/2023;Lidar;Escena vacia;0;Interior;Natural;N;0;0;N;N;N;1;60;N;Controlado
Empty_7;PNG;300x300;21/02/2023;Lidar;Escena vacia;0;Interior;Natural;N;0;0;N;N;N;1;60;N;Controlado
Empty_8;PNG;300x300;21/02/2023;Lidar;Escena vacia;0;Interior;Natural;N;0;0;N;N;N;1;60;N;Controlado
Empty_9;PNG;300x300;21/02/2023;Lidar;Escena vacia;0;Interior;Natural;N;0;0;N;N;N;1;60;N;Semi-Controlado
Empty_10;PNG;300x300;21/02/2023;Lidar;Escena vacia;0;Interior;Natural;N;0;0;N;N;N;1;60;N;Semi-Controlado
Empty_11;PNG;300x300;21/02/2023;Lidar;Escena vacia;0;Interior;Natural;N;0;0;N;N;N;1;60;N;Semi-Controlado
Empty_12;PNG;300x300;21/02/2023;Lidar;Escena vacia;0;Interior;Natural;N;0;0;N;N;N;1;60;N;Semi-Controlado
Empty_13;PNG;300x300;21/02/2023;Lidar;Escena vacia;0;Interior;Natural;N;0;0;N;N;N;1;60;N;Semi-Controlado
Empty_14;PNG;300x300;21/02/2023;Lidar;Escena vacia;0;Interior;Natural;N;0;0;N;N;N;1;60;N;Semi-Controlado
Empty_15;PNG;300x300;21/02/2023;Lidar;Escena vacia;0;Interior;Natural;N;0;0;N;N;N;1;60;N;Semi-Controlado
Empty_16;PNG;300x300;21/02/2023;Lidar;Escena vacia;0;Interior;Natural;N;0;0;N;N;N;1;60;N;Semi-Controlado
Exterior1_Front_1;PNG;300x300;21/02/2023;Lidar;Persona;1;Exterior;Natural;N;0;1;Y;N;N;1;60;N;Semi-Controlado
Exterior1_Front_2;PNG;300x300;21/02/2023;Lidar;Persona;1;Exterior;Natural;N;0;1;Y;N;N;1;60;N;Semi-Controlado
Exterior1_Front_3;PNG;300x300;21/02/2023;Lidar;Persona;1;Exterior;Natural;N;0;1;Y;N;N;1;60;N;Semi-Controlado
Exterior1_Front_4;PNG;300x300;21/02/2023;Lidar;Persona;1;Exterior;Natural;N;0;1;Y;N;N;1;60;N;Semi-Controlado
Exterior1_Front_5;PNG;300x300;21/02/2023;Lidar;Persona;1;Exterior;Natural;N;0;1;Y;N;N;1;60;N;Semi-Controlado
Exterior1_Front_6;PNG;300x300;21/02/2023;Lidar;Persona;1;Exterior;Natural;N;0;1;Y;N;N;1;60;N;Semi-Controlado
Exterior2_Front_1;PNG;300x300;21/02/2023;Lidar;Persona;1;Exterior;Natural;N;0;1;Y;N;N;1;60;Y;Semi-Controlado
Exterior2_Front_2;PNG;300x300;21/02/2023;Lidar;Persona;1;Exterior;Natural;N;0;1;Y;N;N;1;60;Y;Semi-Controlado
Exterior2_Front_3;PNG;300x300;21/02/2023;Lidar;Persona;1;Exterior;Natural;N;0;1;Y;N;N;1;60;Y;Controlado
Exterior2_Front_4;PNG;300x300;21/02/2023;Lidar;Persona;1;Exterior;Natural;N;0;1;Y;N;N;1;60;Y;Controlado
Exterior2_Front_5;PNG;300x300;21/02/2023;Lidar;Persona;1;Exterior;Natural;N;0;1;Y;N;N;1;60;Y;Controlado
Exterior2_Front_6;PNG;300x300;21/02/2023;Lidar;Persona;1;Exterior;Natural;N;0;1;Y;N;N;1;60;Y;Controlado
Hat_Front_1;PNG;300x300;21/02/2023;Lidar;Persona;1;Interior;Natural;N;0;0;N;N;N;1;60;Y;Controlado
Hat_Front_2;PNG;300x300;21/02/2023;Lidar;Persona;1;Interior;Natural;N;0;0;N;N;N;1;60;Y;Controlado
Hat_Front_3;PNG;300x300;21/02/2023;Lidar;Persona;1;Interior;Natural;N;0;0;N;N;N;1;60;Y;Controlado
Hat_Front_4;PNG;300x300;21/02/2023;Lidar;Persona;1;Interior;Natural;N;0;0;N;N;N;1;60;Y;Controlado
Hat_Front_5;PNG;300x300;21/02/2023;Lidar;Persona;1;Interior;Natural;N;0;0;N;N;N;1;60;Y;Controlado
Hat_Front_6;PNG;300x300;21/02/2023;Lidar;Persona;1;Interior;Natural;N;0;0;N;N;N;1;60;Y;Controlado
Hat_Front90_1;PNG;300x300;21/02/2023;Lidar;Persona;1;Interior;Natural;N;0;0;N;N;N;1;60;Y;Controlado
Hat_Front90_2;PNG;300x300;21/02/2023;Lidar;Persona;1;Interior;Natural;N;0;0;N;N;N;1;60;Y;Controlado
Hat_Front90_3;PNG;300x300;21/02/2023;Lidar;Persona;1;Interior;Natural;N;0;0;N;N;N;1;60;Y;Controlado
Hat_Front90_4;PNG;300x300;21/02/2023;Lidar;Persona;1;Interior;Natural;N;0;0;N;N;N;1;60;Y;Controlado
Hat_Front90_5;PNG;300x300;21/02/2023;Lidar;Persona;1;Interior;Natural;N;0;0;N;N;N;1;60;Y;Controlado
Hat_Front90_6;PNG;300x300;21/02/2023;Lidar;Persona;1;Interior;Natural;N;0;0;N;N;N;1;60;Y;Controlado
Hat_Front270_1;PNG;300x300;21/02/2023;Lidar;Persona;1;Interior;Natural;N;0;0;N;N;N;1;60;Y;Controlado
Hat_Front270_2;PNG;300x300;21/02/2023;Lidar;Persona;1;Interior;Natural;N;0;0;N;N;N;1;60;Y;Controlado
Hat_Front270_3;PNG;300x300;21/02/2023;Lidar;Persona;1;Interior;Natural;N;0;0;N;N;N;1;60;Y;Controlado
Hat_Front270_4;PNG;300x300;21/02/2023;Lidar;Persona;1;Interior;Natural;N;0;0;N;N;N;1;60;Y;Controlado
Hat_Front270_5;PNG;300x300;21/02/2023;Lidar;Persona;1;Interior;Natural;N;0;0;N;N;N;1;60;Y;Controlado
Hat_Front270_6;PNG;300x300;21/02/2023;Lidar;Persona;1;Interior;Natural;N;0;0;N;N;N;1;60;Y;Controlado
Hat_Front270_7;PNG;300x300;21/02/2023;Lidar;Persona;1;Interior;Natural;N;0;0;N;N;N;1;60;Y;Controlado
Hat_Front270_8;PNG;300x300;21/02/2023;Lidar;Persona;1;Interior;Natural;N;0;0;N;N;N;1;60;Y;Controlado
Men1_halt_1;PNG;300x300;17/03/2023;Lidar;Persona;1;Exterior;Natural;N;0;1;N;N;N;1;60;Y;Semi-Controlado
Men1_halt_2;PNG;300x300;17/03/2023;Lidar;Persona;1;Exterior;Natural;N;0;1;N;N;N;1;60;Y;Semi-Controlado
Walk_90_1;PNG;300x300;21/02/2023;Lidar;Persona;1;Interior;Natural;N;0;0;N;N;N;1;60;N;Controlado
Walk_90_2;PNG;300x300;21/02/2023;Lidar;Persona;1;Interior;Natural;N;0;0;N;N;N;1;60;N;Controlado
Walk_90_3;PNG;300x300;21/02/2023;Lidar;Persona;1;Interior;Natural;N;0;0;N;N;N;1;60;N;Controlado
Walk_90_4;PNG;300x300;21/02/2023;Lidar;Persona;1;Interior;Natural;N;0;0;N;N;N;1;60;N;Controlado
Walk_90_5;PNG;300x300;21/02/2023;Lidar;Persona;1;Interior;Natural;N;0;0;N;N;N;1;60;N;Controlado
Walk_90_6;PNG;300x300;21/02/2023;Lidar;Persona;1;Interior;Natural;N;0;0;N;N;N;1;60;N;Controlado
Walk_270_1;PNG;300x300;21/02/2023;Lidar;Persona;1;Interior;Natural;N;0;0;N;N;N;1;60;N;Controlado
Walk_270_2;PNG;300x300;21/02/2023;Lidar;Persona;1;Interior;Natural;N;0;0;N;N;N;1;60;N;Controlado
Walk_270_3;PNG;300x300;21/02/2023;Lidar;Persona;1;Interior;Natural;N;0;0;N;N;N;1;60;N;Controlado
Walk_270_4;PNG;300x300;21/02/2023;Lidar;Persona;1;Interior;Natural;N;0;0;N;N;N;1;60;N;Controlado
Walk_270_5;PNG;300x300;21/02/2023;Lidar;Persona;1;Interior;Natural;N;0;0;N;N;N;1;60;N;Controlado
Walk_270_6;PNG;300x300;21/02/2023;Lidar;Persona;1;Interior;Natural;N;0;0;N;N;N;1;60;N;Controlado
Walk_Front_1;PNG;300x300;21/02/2023;Lidar;Persona;1;Interior;Natural;N;0;0;N;N;N;1;60;N;Controlado
Walk_Front_2;PNG;300x300;21/02/2023;Lidar;Persona;1;Interior;Natural;N;0;0;N;N;N;1;60;N;Controlado
Walk_Front_3;PNG;300x300;21/02/2023;Lidar;Persona;1;Interior;Natural;N;0;0;N;N;N;1;60;N;Controlado
Walk_Front_4;PNG;300x300;21/02/2023;Lidar;Persona;1;Interior;Natural;N;0;0;N;N;N;1;60;N;Controlado
Walk_Front_5;PNG;300x300;21/02/2023;Lidar;Persona;1;Interior;Natural;N;0;0;N;N;N;1;60;N;Controlado
Walk_Front_6;PNG;300x300;21/02/2023;Lidar;Persona;1;Interior;Natural;N;0;0;N;N;N;1;60;N;Controlado
Walk2_90_1;PNG;300x300;21/02/2023;Lidar;Persona;1;Interior;Natural;N;0;0;N;N;N;1;60;N;Controlado
Walk2_90_2;PNG;300x300;21/02/2023;Lidar;Persona;1;Interior;Natural;N;0;0;N;N;N;1;60;N;Controlado
Walk2_90_3;PNG;300x300;21/02/2023;Lidar;Persona;1;Interior;Natural;N;0;0;N;N;N;1;60;N;Controlado
Walk2_90_4;PNG;300x300;21/02/2023;Lidar;Persona;1;Interior;Natural;N;0;0;N;N;N;1;60;N;Controlado
Walk2_90_5;PNG;300x300;21/02/2023;Lidar;Persona;1;Interior;Natural;N;0;0;N;N;N;1;60;N;Controlado
Walk2_90_6;PNG;300x300;21/02/2023;Lidar;Persona;1;Interior;Natural;N;0;0;N;N;N;1;60;N;Controlado
Walk2_270_1;PNG;300x300;21/02/2023;Lidar;Persona;1;Interior;Natural;N;0;0;N;N;N;1;60;N;Controlado
Walk2_270_2;PNG;300x300;21/02/2023;Lidar;Persona;1;Interior;Natural;N;0;0;N;N;N;1;60;N;Controlado
Walk2_270_3;PNG;300x300;21/02/2023;Lidar;Persona;1;Interior;Natural;N;0;0;N;N;N;1;60;N;Controlado
Walk2_270_4;PNG;300x300;21/02/2023;Lidar;Persona;1;Interior;Natural;N;0;0;N;N;N;1;60;N;Controlado
Walk2_270_5;PNG;300x300;21/02/2023;Lidar;Persona;1;Interior;Natural;N;0;0;N;N;N;1;60;N;Controlado
Walk2_270_6;PNG;300x300;21/02/2023;Lidar;Persona;1;Interior;Natural;N;0;0;N;N;N;1;60;N;Controlado
Walk2_Front_1;PNG;300x300;21/02/2023;Lidar;Persona;1;Interior;Natural;N;0;0;N;N;N;1;60;N;Controlado
Walk2_Front_2;PNG;300x300;21/02/2023;Lidar;Persona;1;Interior;Natural;N;0;0;N;N;N;1;60;N;Controlado
Walk2_Front_3;PNG;300x300;21/02/2023;Lidar;Persona;1;Interior;Natural;N;0;0;N;N;N;1;60;N;Controlado
Walk2_Front_4;PNG;300x300;21/02/2023;Lidar;Persona;1;Interior;Natural;N;0;0;N;N;N;1;60;N;Controlado
Walk2_Front_5;PNG;300x300;21/02/2023;Lidar;Persona;1;Interior;Natural;N;0;0;N;N;N;1;60;N;Controlado
Walk2_Front_6;PNG;300x300;21/02/2023;Lidar;Persona;1;Interior;Natural;N;0;0;N;N;N;1;60;N;Controlado
Weapon_Front_1;PNG;300x300;21/02/2023;Lidar;Persona;1;Interior;Natural;N;0;0;N;N;N;1;60;Y;Controlado
Weapon_Front_2;PNG;300x300;21/02/2023;Lidar;Persona;1;Interior;Natural;N;0;0;N;N;N;1;60;Y;Controlado
Weapon_Front_3;PNG;300x300;21/02/2023;Lidar;Persona;1;Interior;Natural;N;0;0;N;N;N;1;60;Y;Controlado
Weapon_Front_4;PNG;300x300;21/02/2023;Lidar;Persona;1;Interior;Natural;N;0;0;N;N;N;1;60;Y;Controlado
Weapon_Front_5;PNG;300x300;21/02/2023;Lidar;Persona;1;Interior;Natural;N;0;0;N;N;N;1;60;Y;Controlado
Weapon_Front_6;PNG;300x300;21/02/2023;Lidar;Persona;1;Interior;Natural;N;0;0;N;N;N;1;60;Y;Controlado
Weapon_Front45_1;PNG;300x300;21/02/2023;Lidar;Persona;1;Interior;Natural;N;0;0;N;N;N;1;60;Y;Controlado
Weapon_Front45_2;PNG;300x300;21/02/2023;Lidar;Persona;1;Interior;Natural;N;0;0;N;N;N;1;60;Y;Controlado
Weapon_Front45_3;PNG;300x300;21/02/2023;Lidar;Persona;1;Interior;Natural;N;0;0;N;N;N;1;60;Y;Controlado
Weapon_Front45_4;PNG;300x300;21/02/2023;Lidar;Persona;1;Interior;Natural;N;0;0;N;N;N;1;60;Y;Controlado
Weapon_Front45_5;PNG;300x300;21/02/2023;Lidar;Persona;1;Interior;Natural;N;0;0;N;N;N;1;60;Y;Controlado
Weapon_Front45_6;PNG;300x300;21/02/2023;Lidar;Persona;1;Interior;Natural;N;0;0;N;N;N;1;60;Y;Controlado
Weapon_Front315_1;PNG;300x300;21/02/2023;Lidar;Persona;1;Interior;Natural;N;0;0;N;N;N;1;60;Y;Controlado
Weapon_Front315_2;PNG;300x300;21/02/2023;Lidar;Persona;1;Interior;Natural;N;0;0;N;N;N;1;60;Y;Controlado
Weapon_Front315_3;PNG;300x300;21/02/2023;Lidar;Persona;1;Interior;Natural;N;0;0;N;N;N;1;60;Y;Controlado
Weapon_Front315_4;PNG;300x300;21/02/2023;Lidar;Persona;1;Interior;Natural;N;0;0;N;N;N;1;60;Y;Controlado
Weapon_Front315_5;PNG;300x300;21/02/2023;Lidar;Persona;1;Interior;Natural;N;0;0;N;N;N;1;60;Y;Controlado
Weapon_Front315_6;PNG;300x300;21/02/2023;Lidar;Persona;1;Interior;Natural;N;0;0;N;N;N;1;60;Y;Controlado
Weapon_Sit45_1;PNG;300x300;21/02/2023;Lidar;Persona;1;Interior;Natural;N;0;0;N;N;N;1;60;Y;Controlado
Weapon_Sit45_2;PNG;300x300;21/02/2023;Lidar;Persona;1;Interior;Natural;N;0;0;N;N;N;1;60;Y;Controlado
Weapon_Sit45_3;PNG;300x300;21/02/2023;Lidar;Persona;1;Interior;Natural;N;0;0;N;N;N;1;60;Y;Controlado
Weapon_Sit45_4;PNG;300x300;21/02/2023;Lidar;Persona;1;Interior;Natural;N;0;0;N;N;N;1;60;Y;Controlado
Weapon_Sit45_5;PNG;300x300;21/02/2023;Lidar;Persona;1;Interior;Natural;N;0;0;N;N;N;1;60;Y;Controlado
Weapon_Sit45_6;PNG;300x300;21/02/2023;Lidar;Persona;1;Interior;Natural;N;0;0;N;N;N;1;60;Y;Controlado
Weapon_Sit315_1;PNG;300x300;21/02/2023;Lidar;Persona;1;Interior;Natural;N;0;0;N;N;N;1;60;Y;Controlado
Weapon_Sit315_2;PNG;300x300;21/02/2023;Lidar;Persona;1;Interior;Natural;N;0;0;N;N;N;1;60;Y;Controlado
Weapon_Sit315_3;PNG;300x300;21/02/2023;Lidar;Persona;1;Interior;Natural;N;0;0;N;N;N;1;60;Y;Controlado
Weapon_Sit315_4;PNG;300x300;21/02/2023;Lidar;Persona;1;Interior;Natural;N;0;0;N;N;N;1;60;Y;Controlado
Weapon_Sit315_5;PNG;300x300;21/02/2023;Lidar;Persona;1;Interior;Natural;N;0;0;N;N;N;1;60;Y;Controlado
Weapon_Sit315_6;PNG;300x300;21/02/2023;Lidar;Persona;1;Interior;Natural;N;0;0;N;N;N;1;60;Y;Controlado
Square;PNG;300x300;21/02/2023;Lidar;Otro;1;Exterior;Natural;N;0;0;N;N;N;1;60;Y;No Controlado
Women1_halt_1;PNG;300x301;17/03/2023;Lidar;Persona;1;Interior;Natural;N;0;0;N;N;N;1;60;Y;Controlado
Women1_halt_3;PNG;300x302;17/03/2023;Lidar;Persona;1;Interior;Natural;N;0;0;N;N;N;1;60;Y;Controlado
Women2_halt_1;PNG;300x303;17/03/2023;Lidar;Persona;1;Interior;Natural;N;0;0;N;N;N;1;60;Y;Controlado
Women2_halt_2;PNG;300x304;17/03/2023;Lidar;Persona;1;Interior;Natural;N;0;0;N;N;N;1;60;Y;Controlado
WomenL_back_;PNG;300x305;17/03/2023;Lidar;Persona;1;Interior;Natural;N;0;0;N;N;N;1;60;Y;Controlado
WomenL_back_1;PNG;300x306;17/03/2023;Lidar;Persona;1;Interior;Natural;N;0;0;N;N;N;1;60;Y;Controlado
WomenL_front_2;PNG;300x307;17/03/2023;Lidar;Persona;1;Interior;Natural;N;0;0;N;N;N;1;60;Y;Controlado
WomenL_front45_;PNG;300x308;17/03/2023;Lidar;Persona;1;Interior;Natural;N;0;0;N;N;N;1;60;Y;Controlado
WomenL_front45_1;PNG;300x309;17/03/2023;Lidar;Persona;1;Interior;Natural;N;0;0;N;N;N;1;60;Y;Controlado
WomenL_front90_1;PNG;300x310;17/03/2023;Lidar;Persona;1;Interior;Natural;N;0;0;N;N;N;1;60;Y;Controlado
WomenL_front90_3;PNG;300x311;17/03/2023;Lidar;Persona;1;Interior;Natural;N;0;0;N;N;N;1;60;Y;Controlado
WomenL_front315_;PNG;300x312;17/03/2023;Lidar;Persona;1;Interior;Natural;N;0;0;N;N;N;1;60;Y;Controlado
WomenL_front315_1;PNG;300x313;17/03/2023;Lidar;Persona;1;Interior;Natural;N;0;0;N;N;N;1;60;Y;Controlado
Women_hat_;PNG;300x314;17/03/2023;Lidar;Persona;1;Interior;Natural;N;0;0;N;N;N;1;60;Y;Controlado
Women_hat45_;PNG;300x315;17/03/2023;Lidar;Persona;1;Exterior;Natural;N;0;0;N;N;N;1;60;Y;Controlado
Women_hat45_1;PNG;300x316;17/03/2023;Lidar;Persona;1;Exterior;Natural;N;0;0;N;N;N;1;60;Y;Controlado
WomenL_walk_;PNG;300x317;17/03/2023;Lidar;Persona;1;Exterior;Natural;N;0;0;N;N;N;1;60;Y;Controlado
WomenL_walk_1;PNG;300x318;17/03/2023;Lidar;Persona;1;Exterior;Natural;N;0;0;N;N;N;1;60;Y;Controlado
